product_rating,delivery_duration,used_offer
1.2411970330290238,-1.0574396717110284,1
0.7825352283159864,1.4204520632305246,0
-1.8121886879052396,1.6792741763434176,0
0.11068823818928926,-0.2783027188511786,1
0.17292018933979586,-1.148439032492714,1
-1.7573128573905892,0.7485660023451683,0
-0.11171621579206109,-0.7438398123842564,1
0.08428157682622339,-0.8306370674833986,1
0.09466663707862677,-1.1027560669192829,1
1.3029306986548164,-0.6060776949384814,1
1.687513061498513,1.2132923194452423,1
2.7463044720282705,1.2483992161088135,1
-0.1732070191670131,0.13314165048757265,0
-0.10114320296323076,-2.297451541487453,1
0.8082189671318808,0.268898259201487,1
1.6359134636354349,-1.1778308463638663,1
-0.4218325172832944,-0.6545884691724856,1
0.18643127707678675,0.7150116038105891,0
0.4461713661185498,-0.1523888957563609,1
1.1457486755510344,-1.2457852438229218,1
0.6831243759436212,-0.11191238722577085,1
1.9586213191890263,1.1351865313300438,1
-0.4946069074885354,-0.32810017735278946,0
1.4922297475760764,-1.48117674855295,1
1.0118960133863537,-2.0604249449348995,1
1.833500276757778,-1.2223669514122144,1
-0.0925929592734952,-1.3975547257880883,1
-0.10919172744142136,0.936980720094008,0
-0.011680614458652427,-1.011383783274153,1
-0.054618327942662415,-1.9254343260982822,1
-0.2107142738911163,-0.3322141718597629,1
0.8207912683654898,-0.9019701479570447,1
1.2109523231797912,-1.8617470630488693,1
2.1615017097325553,-0.18901306998259332,1
1.5375275250233873,0.9574886634047697,1
2.351192707166469,1.757957486285407,1
0.34591486819684303,-2.0196898461722332,1
1.3832540613107225,-0.9411744992788165,1
1.1255732291592868,0.15892314965390095,1
1.17274397712227,-0.7702220063869365,1
-0.7963149740846468,0.2331010523030976,0
1.3772972535621695,-0.053288112921739156,1
1.4431719518991706,-1.2035704336119355,1
1.3364856088277501,-0.22892305712270689,1
0.5948012937641965,0.11104489133761519,1
1.133746035070558,-2.4153390400718466,1
0.3275281278251746,0.21529717798263914,1
-1.1117042407717184,0.16780568990478395,0
-1.5066339231900767,0.30689450800541673,0
-1.0390027523843872,0.17920599730785813,0
-0.48179279922427365,-2.090145820127012,1
1.2299513759482896,-0.9972845984351075,1
-0.23495915133085066,-1.7420847507230244,1
1.45585990411157,-0.2815933187983467,1
-0.08802640692644259,-0.8057510622166144,1
1.5628049478895942,0.5086523789180417,1
0.9641151912606769,1.0331381134972775,0
-0.5650646768429823,0.5384474314910491,0
1.8888926422976504,-0.4922364204388475,1
0.4091057246940101,-0.8157591271602898,1
-1.174975681174681,1.4127598974748659,0
1.565963313543397,-2.15229008590784,1
1.4410018993603677,-0.07108998490235979,1
0.5811116158318674,-1.1736878039884076,1
3.156925362664723,1.8314238129241862,1
0.8972358004096063,-0.7577564693413977,1
1.0326611263143362,-1.0614578019357046,1
2.7831929731179716,-1.166352783032005,1
0.49528412842436953,0.17883590720706644,1
1.0985390402227355,-0.3885483917481754,1
1.6008550496377312,-0.1429392033520796,1
1.2964703877716925,-0.3172690122081386,1
0.5361943014664339,-0.37492548614001026,1
2.919329253826039,-0.5094895838183756,1
1.1349023791598025,1.0576058918231628,1
1.8086275904896643,-1.3969569706559208,1
0.4879084460069503,-0.2376706757356186,1
-0.2682844903410887,-0.6159449362536874,1
1.4805910656528343,0.3501569072312628,1
-1.9888321591417075,-0.2441465815195754,0
0.35076604049329435,0.6820441744923067,0
-0.41832291736254557,-0.47634394128250873,1
-1.1041602069098375,-2.217081976363321,1
1.0559110628140111,0.5477491861158552,1
0.5424926401801501,-1.484172303617536,1
-0.5724494593178262,0.15888970201041913,0
2.1430015449967197,-0.3276933201267661,1
2.169153203730431,0.9273258396647959,1
1.3355807880592694,0.3243744367373497,1
2.286570051253867,1.5021860737514872,1
2.1450850870467786,0.07150794577096409,1
1.2441190268632554,0.5543283803077836,1
2.5094091147877604,-0.18331755265786562,1
1.491122581458123,1.1503544619423611,1
1.4275736224675275,-1.377329786502441,1
1.0188957941833645,-0.8565085110580584,1
1.2507046503374273,0.04348314051083124,1
0.9349953822693337,-1.980241997652896,1
1.4273340267689398,0.09292086418745762,1
2.9545993394421224,-0.43417067222815797,1
1.5431239137336796,0.5630916256958878,1
2.615236286738111,-0.7852931711139342,1
-0.2336993572599637,-1.1570218746817909,1
1.9652217263982212,-1.7575730623453079,1
2.1257503192821368,0.2761066860551239,1
1.4103139755717162,-0.16678683664429084,1
1.7195202822676086,-1.6645426231929474,1
2.2930130630807706,-0.6702889751420497,1
0.8556710667215564,-0.3672460863491206,1
0.03815363349193057,-1.4964774075183271,1
1.2324067438807318,-0.2564537667705735,1
1.076012882148302,-1.6443048573726953,1
1.1273832248841464,-2.3786675733349987,1
-0.4088985840124981,-1.5406836480405715,1
1.9820007135206683,-0.9371734236947936,1
0.6423935509882716,0.9944973060628624,0
0.6356838922412319,0.25708086338290026,1
0.4452210439733246,0.37281498607840424,1
2.5198348627974245,-0.008562285028976935,1
3.0801178090306127,-0.7947577468683642,1
0.8361559434738869,0.22664619736955993,1
2.0852287131824516,-0.14311909252015442,1
0.5279180235153573,-1.9194765646693464,1
1.5790607294372687,-2.155197778268627,1
1.7581628459789085,0.33186648550961917,1
0.7710146149175299,-0.6961572268852543,1
2.521615387652868,-1.9989296423319856,1
-0.007791262360195894,-2.424262967702418,1
-0.5824653133814215,-0.33096670497032354,0
1.574789368018302,-1.1231640869839365,1
-0.14784676446179446,-1.244702237761555,1
1.3618753840995867,-1.1116060268350376,1
2.8427925953257356,-3.2185652285540303,1
2.189514741032668,-0.4439651854060895,1
3.0233424854717192,-0.5573876621059481,1
2.6017032367978823,-1.2620515585318997,1
1.4665621183006836,-2.441535360610851,1
0.9396904148019424,-1.7413953499748462,1
1.4357536654094145,-2.6873455681618994,1
0.8790422552956001,-0.08773086412273867,1
1.664702223473756,-1.1966267200877025,1
1.7860018527910273,-1.629217753040888,1
1.1869990991305381,-0.04253132057476916,1
-0.4449497672955811,0.1267668904668563,0
3.295224179529619,-0.8247234915364858,1
-0.11134396853316764,-0.8968040118173755,1
1.502927183933819,-1.0908881751775346,1
0.36963796451023545,2.19505030104514,0
2.1794400444613995,-0.4550047485458365,1
-0.23701151880805527,0.172177244919954,0
1.3178908470101849,-0.683480794591381,1
1.4051013337716598,1.2502355868251913,1
3.230691144177671,-0.28807277054018265,1
2.6240497195595607,-1.493254009695113,1
0.35514841299387956,0.3525224749895375,1
1.7902194912400025,-0.5145056397881702,1
0.6612165418927862,-0.30316295906875784,1
0.9851813197824854,-1.695810517405983,1
-0.6498725344227296,-0.9545251945232245,1
1.5006939121711187,-0.869481449249847,1
-0.21283838752849626,-0.6588513019614424,1
0.5582546108961226,0.8599081447247543,0
-0.27152030415142403,1.2796268370921644,0
3.463904321226623,-0.7777497022184863,1
1.6022084764404207,-0.47589251040276426,1
3.217280410193884,-1.144476190677962,1
2.2504629458222905,0.08806464416184656,1
1.4578109336111649,0.5298747727434922,1
1.9976748431972668,1.1686593906254361,1
2.1118645448643063,1.2257691506410724,1
3.1447813892912055,0.12916074507468867,1
0.6767960679664937,-2.053688788882935,1
1.71189212928918,-1.4280607404530938,1
0.9376344985787324,1.4138795966174595,0
-0.15041403378439866,0.08997086759921291,0
1.9956634266053643,-0.06729685522969339,1
2.5728928038064747,0.6958808962220528,1
1.3578316222635425,0.10033967638979586,1
1.8602307979586725,0.17959131870222117,1
1.7627964285353914,1.5900323027075007,1
1.7840536515345216,1.7348335152947143,1
2.1447610835280253,-1.28612120768919,1
3.7330035510147734,0.02496825881289913,1
2.172942058061439,-0.6896666396718596,1
3.3373299246099375,0.09537581463379252,1
1.5241044978675378,0.18458997492910478,1
3.345175860935055,0.2644867856571976,1
1.2019900232118275,0.1148775863964519,1
2.457791109876074,0.2066661912748046,1
1.7114940188577754,-2.395381407285259,1
2.402232937947674,1.0392355699012972,1
2.324054341416112,0.5571171468631615,1
2.068415323866454,-0.14927784654192178,1
3.8554134748270537,-0.2221109259685693,1
1.1830806523548671,0.9716805645273044,1
1.2743847889525768,0.3374277726042349,1
2.201994928851109,0.07065423835012008,1
1.5532728819836084,-1.2341512724115677,1
3.6117910931913757,1.1402158941704585,1
2.719722717013675,0.46060809257270974,1
0.49743497959007876,0.6362887453055437,0
2.654977708705171,0.6332467381680262,1
0.7121998453965541,-0.7523982648965551,1
0.5235365227532507,0.37580061082170774,1
2.371733391235301,0.38476483259708016,1
1.57256842346422,-0.9501482123682243,1
0.8636274316146675,-1.6880616293685238,1
1.6633328345110454,-0.33333213776235965,1
0.9624275057365451,1.8180364150695394,0
3.1875747964692485,0.8546041256979925,1
2.139523810829436,0.3154926793561192,1
1.8519573111109988,1.0494705082900189,1
0.3550081652019115,1.0364586650508365,0
1.2408795224118792,-2.4219878645795836,1
2.2799871151731166,0.35847386618367,1
0.11490263370131704,0.7812146376673232,0
0.26077246475985816,0.03354564426187856,1
1.6090913251147647,0.03179699378960818,1
1.7102466069274627,-0.12992011615599924,1
-1.0700861785711058,1.719751268156074,0
1.715106743488775,0.9709790193037463,1
-1.35150375368661,0.9963964014845554,0
1.2569663578190182,0.11303280091229062,1
-0.07179994107583121,0.8853531636518133,0
0.03819267362024359,0.15579113508141001,0
0.8899513436629543,0.37580332672673245,1
1.5989598433863883,-0.023371317472041797,1
0.7048390486365358,-0.40417642257211184,1
0.3293888827324911,0.1145856363976151,1
2.763995992356917,0.7003591044439855,1
1.2985463650820803,1.0033240155638334,1
0.9215339107631383,-0.002075425829834221,1
2.1506843065618275,0.33346021368559314,1
1.312320924002164,0.2531251666186886,1
2.613491586001154,-0.177177572389299,1
2.7288155716759936,1.4231747056547024,1
1.0430525005123519,1.7711439935421907,0
0.8550144995607121,-0.3312452995669783,1
1.1255309806724663,0.9051007035001772,1
2.5897269199424438,0.47128913531384464,1
2.581124190926077,-1.4070907187821937,1
2.0893071903296283,0.7133925193755568,1
2.4855615233918003,-1.0891028534044227,1
1.1601939016356027,0.33044396001696547,1
0.7011496238083814,-0.07454582116513059,1
1.6169511442935023,-0.3261647304602305,1
2.140814299341751,-0.2855236970821431,1
2.3851518637621405,0.594833710993827,1
0.4146679465314862,1.6355224795371517,0
3.3750112698679082,-1.2010086199500858,1
-0.20459578776846277,-0.1261903724159395,0
2.313843656566616,-0.7151436424995328,1
3.7372597753463896,0.39607219667233484,1
1.5101256253601796,-0.1277145275172337,1
1.6045629732676698,0.4407236745230771,1
1.3874006237003123,0.19945187169937068,1
1.1380675047174902,0.5344410507372235,1
2.097283882631474,-1.8316758678762772,1
2.155506544837592,-0.5690027999795069,1
1.604714137795927,1.1750155370450952,1
1.9304596863549746,1.4757260902314924,1
0.08437374042979084,-0.44606142473354193,1
1.3203325074567516,-0.7836710715608181,1
1.539066995365828,0.16019796167470474,1
1.6646092015196665,-1.2228111188958437,1
2.127346399766924,0.7412257985696483,1
1.1706242973351744,-0.4164400638257554,1
1.4214726662995143,-2.583181313979062,1
1.0695586124018,1.1937440396064136,0
2.2522045387609775,1.644179276674345,1
2.1537738925356837,2.1339883240997954,1
-0.04884994722731828,0.6491443001147852,0
2.2803832749894726,0.30523903014472115,1
2.337419831098458,-0.6883853999244358,1
0.4529097067545832,0.19730429562511936,1
-0.23867562491904248,0.7317311110228211,0
0.2577435691385853,-0.06832087183289481,1
1.7688347693736277,-0.5606734660860698,1
-0.08061648221833839,-0.23860134166490196,1
1.7458125903723005,-2.4367088525178557,1
-0.349457220059894,0.516533907949658,0
-0.4447836325511072,-1.8380136115951045,1
1.1595933798712046,0.7488917518927514,1
1.6014034468975642,-0.5777243339421508,1
0.8517309737004009,-2.282133960165951,1
-0.6648722762162091,-1.0892027317941406,1
0.5382310857521678,-0.9284630129300435,1
-1.1723060326679215,-2.350629482714187,1
1.5850806732011953,0.8961163230761601,1
0.42604844882577547,-1.4044209574211357,1
3.2000647779949984,-0.7036106981188431,1
1.8067250767533591,-2.1484403659434,1
-0.6105540378704488,1.0961317523048595,0
0.8762555394180046,-1.9038321300703305,1
2.010352243610667,-0.4033464170974254,1
1.684910796635151,-0.9706451614366914,1
1.3377200425902565,-0.3400196519821504,1
0.2405664908759989,0.1854893100713535,1
0.9095903780142671,0.23338794689796083,1
0.15547929874454702,-1.7960387810720921,1
0.8461525559131093,0.5474799775013888,1
1.7805987391521279,-1.575448237952322,1
0.2632483602735013,-0.835008491711905,1
-0.10731027436917495,-1.1920832724235655,1
1.2142897157667984,-1.3294369658285299,1
1.7465290923666144,-2.0285541783385574,1
1.0860567222289217,-0.09417474176924379,1
-1.1143550388779409,-1.3543109005038108,1
-0.2678429327569174,-1.4565317702755058,1
-0.43596593121399296,-0.666527553032533,1
1.3741730048121568,-0.9690190039672788,1
0.9267331112556689,-1.197542836936269,1
3.0543131100051633,-0.6407824641746345,1
1.3124875216361727,-1.0141450131123277,1
1.2255073366572085,-2.2109215864144622,1
-0.10580120334015997,-2.1059322046057334,1
2.9763774226483415,-0.504576452813922,1
2.3163222678475606,-3.0017910829680226,1
0.6386527439791035,-1.2876863732845831,1
-1.5404173380039188,-0.8966505142376507,0
0.4842355694029117,-0.7225517763793443,1
0.02026512877598008,-0.7461693209763212,1
1.4375940577625452,-0.7366590239301328,1
-0.460621228064226,-0.5312751721871785,1
-0.9721180455233142,-0.15712536794757326,0
0.9127529109523014,0.2021414314703217,1
0.768893318158604,0.9924267662981818,0
0.8196717792747366,-2.0771072207003676,1
2.740136664498576,-0.4222407006973691,1
1.1401122811384314,-0.9898491665279399,1
1.2140218136954608,-1.814554550079487,1
-0.9186478767449543,-0.7323109362851019,0
0.7393661203895483,-0.6753743259686326,1
1.0411778775706706,-0.07647713083408908,1
1.6762357190021446,-0.6740856878151751,1
-0.39686292256176975,-0.8102413683666198,1
1.1325507784251736,-1.0496215631704353,1
0.3642727611673159,-1.7416872536093324,1
0.6806311162901479,0.10395582260821123,1
1.987291593885166,-0.9511915501234235,1
-0.12778471378704137,-0.8901959399006383,1
-0.44595928396498397,-0.4913271910638336,1
-0.7941287944286124,-1.481693819976438,1
-0.25052647260174576,-1.5728920878521175,1
-1.269836517551528,-0.3014225185384316,0
0.039807593543307596,1.0557973158788865,0
0.0022187351059768656,-2.9509515512998252,1
0.11921568054134657,-1.9139252621516296,1
-0.27518368996308745,-2.079800446136434,1
0.07107043108544014,-2.041435818804338,1
0.2444210820507243,-1.71256452381522,1
1.2090596303478889,-1.096104891022843,1
-0.06159479021910584,0.3126712370212925,0
2.1250450993471364,-0.49132886110302976,1
0.3680843338375108,-1.9994286611044507,1
-1.0531067039591349,-1.064993505957611,1
-0.9676266584458261,-1.5653413646985177,1
-0.15451214977071134,-0.9590376428302357,1
0.28596167562624464,-1.3173013301934178,1
0.5037010587590987,-1.7588708285318808,1
0.3529186847446416,-0.5037124663455985,1
-1.036275335250224,-2.7030993266951984,1
2.130834777668826,-2.257244629708091,1
0.02799128451900809,-1.083109186825151,1
2.630438878832302,0.5979414037627646,1
0.3543257737247179,-1.4861558464317093,1
-0.5113272817675683,-1.9672580033498401,1
-0.4921447549921941,-0.763816240628593,1
-0.37956510690429557,-2.0445776318940196,1
-0.07691193683129954,-0.8338802778700274,1
1.5115601910532392,-2.166287427549522,1
0.898591564944047,-1.2012909064658728,1
-1.3836329322916487,-1.850874349199921,1
-0.5267223469293989,-3.6713731308358777,1
-0.265805511395707,-2.184542353394199,1
0.0510074890716439,-1.01266742227906,1
1.078290122732688,-2.867195706238571,1
-0.37368216687421807,-1.8111528670257306,1
0.6386486707947898,-1.3008439086826278,1
1.2230666478125147,-0.1023080193220196,1
1.2980624049202762,-0.45433112932960074,1
1.157281590570386,-2.4658730263683837,1
-0.14109510515739412,-2.313962497960217,1
-0.9951126513439716,-0.5450322954052302,0
0.011686485119170809,-0.025775395146853564,1
1.1719491679471066,-3.0731688740770915,1
0.3781879017063797,-2.1845186292663845,1
1.8180962054494016,-1.302718586259752,1
0.8038931428881559,-1.9167161050694892,1
0.5592629680247795,-1.712275232899211,1
0.740009486156365,-2.6470216027873965,1
-2.6777294940284295,-1.527838171249798,0
0.00558346792571171,-1.2913532429291625,1
-1.2626016152631743,-2.0476795168916913,1
-1.0997538370696356,-2.2813922895145358,1
-0.6258682189889108,-1.5052015322103522,1
1.1339245046655817,-1.0435037296393452,1
-0.0465203290851392,-0.46247144220087044,1
-1.3148840171899137,-1.7382856562591322,1
1.1907571113638993,-1.9497045290307358,1
-0.7221582917434577,-1.4018367446516131,1
-0.047367605332481535,-2.3458778244278053,1
0.4627654331517434,-2.4308424889804687,1
0.6390437843107097,-0.8058899037797922,1
0.36336127494899106,-2.696569773817415,1
-0.6195580294194153,-1.3351661796312797,1
3.5683473473805987,-1.5977493116801418,1
-1.956483928231772,-3.840462525921091,1
1.100611849047889,-1.1632540637450597,1
-0.26805219557507476,-2.6724632462263194,1
0.8500492298950711,-1.1745616946561905,1
1.291028174300265,-3.6719239549296807,1
-0.4287026193240281,-2.846453250808863,1
-0.9938864623665641,-2.904882391236458,1
-1.5774228893459,-1.754159513087997,1
0.2110098826213595,-2.058626072377071,1
-2.1273222684287685,-2.807194105811448,1
0.9348607342172018,-2.0008607665024973,1
0.904870214192091,-2.0550246130222756,1
-1.9484491975916112,-1.4985618431673584,0
0.7018074861766012,-2.851925427253867,1
0.18415324205076727,-2.0856175711353866,1
-1.1071366200319699,-2.7580518857423355,1
-1.5746772712390908,-2.4160845096499632,1
1.1932258628261692,-4.003069069803032,1
0.27564250785578814,-4.968429840337389,1
-1.2676859519670494,-1.1891317353993744,0
0.31451610640046807,-3.0826146631740237,1
-1.175289404905734,-1.944493075802324,1
0.25376838640235944,-3.1140159545106303,1
0.9583643661219122,-2.338924774082445,1
-0.8217059495559879,-3.189999615381638,1
-0.3783233460860994,-3.523385350701664,1
-1.3165649131030817,-3.2450683421343935,1
-0.08508663899350011,-2.35031264800733,1
-1.8176536608160143,-2.470415906944808,1
-0.766674078116446,-3.4090833228125654,1
0.375670238238369,-2.0763995947189247,1
-1.0891261917198043,-2.934045347316682,1
-1.152903998268035,-1.452518206044102,1
-1.489721436894855,-3.4720527624129938,1
0.5222506710172337,-1.683522705732659,1
-0.5474525002454578,-2.477590295347236,1
-0.8146171670329787,-3.1593227352840194,1
-0.07550862662131386,-2.630843313536851,1
-0.9559267262731165,-3.140801385013684,1
-0.4545836690643299,-2.963921450468769,1
-1.964099051780922,-3.375461726170253,1
-0.2222387979359922,-1.5957406456561958,1
-0.38283386480394904,-3.5953317271122422,1
-0.09344934784709863,-1.2937769633628664,1
-1.8970890254672115,-3.0776553003915135,1
-0.3306849971475096,-2.6290712883700227,1
-2.53843794935727,-2.3234837159432824,0
-0.8733393459611648,-1.2689830041188246,1
0.11193751335200786,-2.5352384043727407,1
0.3281119493344561,-1.75488193949852,1
-1.0430597483315593,-4.921258760968015,1
-1.1319180123971873,-2.9537164662591833,1
0.8478052477716249,-2.9178307893714965,1
-0.9333634809608671,-2.3877307764376665,1
-0.8390906364352354,-3.8661899967353643,1
0.6725855141397601,-4.087964569145003,1
0.7430914834028809,-4.87061663578096,1
-1.3604913413012205,-2.5280452039893455,1
1.1400955259006358,-1.946622013846665,1
-2.536101854407495,-4.418606924572412,1
-1.2171732701559068,-1.1969445785304247,0
-0.46009015133255643,-1.4458666446657609,1
1.4504575936064534,-2.002465648325066,1
-2.4687355464015215,-2.013105943569763,0
0.2647060588415084,-1.8366875263928013,1
0.2722937964855901,-2.2166837313570973,1
-1.9514765157624827,-2.951090387781414,1
-0.6949219029221719,-1.777686979254839,1
0.15949522951563205,-1.6752687631423993,1
1.8316848853674805,-0.2643599909832619,1
-0.7656747628592446,-2.4987560883103015,1
1.04863453781698,-0.5511278040769227,1
-0.7447629549235368,-0.922535080116728,1
-1.7232841858829864,-0.5616796552425944,0
-1.1493161074010658,-2.299273908098372,1
-0.08539868872854994,-2.5339892513794684,1
-2.7179968015545244,-2.771707034601364,1
-0.5771133442378567,-3.143713026047679,1
-1.788674905001177,-1.6596709101222544,0
0.5799078139135112,-2.6370523314163643,1
-1.6277500813148205,-1.4996236946274608,0
0.9143862329094872,-1.1085888481110906,1
0.02909060795301599,-1.1184169478940444,1
-0.2701555883178399,-1.126971346624209,1
-1.8670680417141872,-2.2761021639855756,1
-0.18259969714585336,-1.3299336857664033,1
0.04026670667325613,-2.0793810104715766,1
-0.5780335998681163,-1.2940333994085074,1
0.12993180227721435,-1.5238792634244565,1
1.6841154351274634,-1.269282876748484,1
0.6307038328654739,-0.05728870700088162,1
1.9218098249885616,-2.3580202056022412,1
0.14549846235476627,-1.8949308700395362,1
-0.5953231230975766,-1.5514960767324921,1
1.610486395632893,-2.947860140139552,1
0.21773176183169854,-1.1147492450707603,1
-0.005639566694369991,-2.4550282951933875,1
-0.5108383814536159,-1.9612434268548324,1
-0.30246888766025615,-1.4731868522978502,1
0.698712250784417,-0.9507873289352642,1
-0.48009246706324665,-0.2003411598679068,0
0.5060801044482897,-0.23245350814636256,1
-1.6638266728906512,-0.4851011890767396,0
0.4305602955049372,-3.23791234220874,1
-0.4310506072074648,-1.4481489875851832,1
-0.11286004806351771,-2.7343934411791055,1
-0.013401482500357803,-1.5009051674831664,1
0.8036815511091044,0.1485464145949904,1
-0.1709214675097533,-0.5365811109333252,1
-0.5749458340245585,-1.5592323681069533,1
1.0416438871533154,-2.1002016251192646,1
-0.04723060539931634,-3.236520064423284,1
0.43693255033468265,-3.2606601886612063,1
1.265759416347203,-2.1075026769117167,1
1.374445128505395,-0.5003252319246472,1
0.8509146769554314,-2.155924400985649,1
0.07497733242552712,-1.152579695509157,1
0.31904805047798135,-0.5815117481956442,1
0.34220052863091893,-2.6331876361199598,1
-0.8906598269771602,-2.9498585010875162,1
1.3916713698494676,-0.8280918247816373,1
-0.48024544428328975,-2.117912390391686,1
0.8157068470641857,-1.834205808119982,1
-1.0569664512987382,-1.2328038092274647,1
0.2785836452043956,-0.3222977005947252,1
-0.5973289985972619,-1.3422154462533733,1
0.7479042007695497,-2.7926085691297406,1
-1.5427944471386044,-3.339098908779948,1
1.3026787507793813,-2.3427076134003273,1
-0.017595612163217977,-3.7320720027311127,1
0.6233597838301215,-1.4563296211069359,1
3.6113558159598265,-1.8715155480894399,1
-0.5007651626511541,-1.5595498907021879,1
0.1605477453041239,-0.005819347406659681,1
-0.6938716788859404,-2.2263217479137203,1
-0.3939122543773903,-2.635585908060519,1
-0.6451268142358957,-2.9595689128687646,1
-0.459874908198389,-1.9328858065662076,1
0.19819927949466926,-1.6405737407371968,1
-0.34382517245756616,-2.05604207332118,1
0.9168729330715233,-1.3805540780940582,1
1.342371515488926,-0.8311686162848348,1
0.6704150921249803,-3.1967856477280874,1
-0.9633278032115815,-1.950239890032742,1
0.9055049411990678,-2.335887455984993,1
-0.6341219057697698,-0.15319039838156012,0
-0.9829499652556712,-1.3308490741885137,1
0.5843184799485261,-1.7410229612626307,1
-1.3188864115838659,-1.1072229656505648,0
0.30926794447668543,-2.974366234967995,1
0.09974173197181493,-1.4384299145408643,1
0.3858579669304314,-2.5094163846700264,1
-0.8519413001822307,-2.7609013056857727,1
-1.2599598535823187,-0.6632925371970789,0
-0.8509088748427653,-1.0249002114880699,1
0.7776758589937081,-3.170557699764296,1
-0.571999850758124,-1.4987182721162273,1
0.052092905107194484,-2.3585618126232997,1
-0.3700783824484659,-1.3036531160517681,1
0.677413992985445,-0.19193419159191105,1
-0.1332135900251563,-1.3648230292692098,1
-0.31808012901244753,-2.2659055724946926,1
-2.8226132034171125,-1.7924343443654807,0
-0.46780862720471283,-1.501243694440296,1
0.05003587788615649,-2.1641877352673156,1
1.375803137828631,-0.06777758542406365,1
-0.0022924069096142696,-3.253017158125136,1
-1.4161012041056638,-2.0050220796285156,1
-0.6215835239225865,-0.6682200750981743,1
-1.0234405582501864,-2.220203532289207,1
-1.616609516420779,-0.5210985472342315,0
-2.021016201116968,-2.303549965008055,1
-0.562910242609068,-0.14122638550832312,0
-1.7668227598043589,-1.1323299215538705,0
-1.4038702651088313,-1.641267417679353,1
0.4573364829272837,-2.1917700430059757,1
-0.2741172346332422,-2.283869651096512,1
0.3606057799997181,-0.2643509860445754,1
0.36604103014460465,-3.6228048835434556,1
-0.08241568317531434,-1.4106613865139965,1
-0.46131459377286677,-0.7843511278464723,1
0.13099985743671638,-1.9412559202475732,1
-1.574282431863693,-1.9674942950176075,1
-2.8333558829521484,-3.1225356079395272,1
-1.603513659234425,-1.8723118639241,1
0.5279379144183295,-1.701220099743322,1
0.23559104889408072,-2.1340000492138875,1
0.10921102050802103,-1.346283059873181,1
0.04494916947477298,-3.2553055556121646,1
-0.20787163099306996,-1.0551967064450167,1
-0.3115533956050317,-2.1014134533847146,1
-0.1419010295741438,-2.8558737601358968,1
-0.8743197223547714,-3.248196078864602,1
-0.2906849747261167,-1.243463306139305,1
-0.27271438864197345,-1.1709418421426472,1
-0.17669186562620115,-1.2498725818816765,1
-2.314055202487072,-0.6764087510588368,0
-0.2720223245326132,-1.9348215660782526,1
-0.89197560023684,-0.7557854777940816,0
-0.01614789008812706,-1.0422999979327159,1
-0.26415859684405407,-0.5807064774490397,1
0.4038138962075821,-2.629663428122064,1
-0.17214019152576426,-2.3417008515857938,1
0.5716101510267213,-2.776033087950695,1
-0.3871147886484194,-0.2158154928823337,0
-0.611756033448113,-1.3099506169653035,1
-0.7556193477541687,0.14635272176058534,0
0.9330004306341633,-2.1177216806232155,1
-1.3076514289956467,-2.1138972534631355,1
0.054028563980865446,-2.1767351273326137,1
0.24070477118062283,1.1885931693497822,0
0.6178674535517605,-1.308220160253696,1
0.8543722743417265,-0.27742338064268357,1
-0.33234014243382215,-0.422828109133642,1
1.4171744687310435,-1.1050423478641669,1
0.25455164854544304,-0.7802458201508665,1
-0.8129954001171223,0.36003919194515976,0
0.17120886867089646,-1.0832615096249376,1
-1.0676786188120553,-3.4310632527465126,1
-1.2041129795421077,-0.8642562432124647,0
-1.7454663521045677,-1.7432458744419557,0
0.46874850731654993,-1.990802438546624,1
-0.7876509710364705,-2.177228930304435,1
0.7417277448062117,-2.5729090605189238,1
0.5542076423056921,-1.342647875348268,1
-0.6841813027988729,-1.476866957073169,1
-0.12454757233153221,-1.27723319875823,1
0.4943701909946414,-3.4563211884622103,1
1.4366654414415743,-1.201077932415654,1
-1.1346545500457264,-1.808097452478726,1
1.1140796763394056,-2.64788231099756,1
-0.979183159825579,-0.16770995948780199,0
0.0703936570369248,-0.3840956068476499,1
2.0271422193811053,-1.5926766051058747,1
0.1955866264194973,-0.7824010449290163,1
1.5354828480386065,-0.15925964470960663,1
-0.5206212253323038,-2.182747994667848,1
-0.9649074328099636,-1.6704927457790144,1
-0.26979401616852505,-2.228974448823,1
0.5943094468952106,-0.8248815750323455,1
0.1076998712590484,-1.2618081167854596,1
-0.24055801868915525,-0.7178730118335118,1
-1.5469785625799606,-2.3734496350326344,1
-0.46784917263963655,-1.8855563944958689,1
-1.3963080696565076,0.08925738169489406,0
0.042420047113130716,-2.868484756182025,1
-1.059632743318794,-1.7452090575787378,1
-0.07006569365571266,-2.3528539044149843,1
1.3328138519451342,-1.2325851772513765,1
0.7050137593652288,-3.3226052865704245,1
-1.0698074026165059,0.4635676131905604,0
1.6526684015641262,0.23610413351590398,1
-1.830755416112161,-0.6004155467358504,0
0.11706341366646718,-1.1410974423648923,1
-1.1907446282687992,-2.38427045435055,1
-1.2561990199257487,-2.6976885082017166,1
0.969326678538492,-0.9130218357300453,1
-0.10753870875593124,-0.03428761878752473,0
-0.49759494067811283,-1.1081078679099696,1
-0.49780680909986386,-0.8553184980031201,1
2.012829440529041,-2.2711918956962815,1
0.709719872604941,-1.5693311080737051,1
1.0547894060506176,-2.6486593181978595,1
-0.5546156360295426,-2.191912669764906,1
0.855608510706328,-1.6819975937248195,1
-1.5829260488316064,-1.3299376279271005,0
-0.8070348791573634,-0.2501286639350555,0
0.0012096785932015908,-1.644548036198029,1
1.9017362952073023,0.10836914697244282,1
-1.187756111117388,-0.914962851756284,0
-0.08508907194007315,-0.25599754449255874,1
0.04680637292476192,-1.2163371967625585,1
0.7391734624268025,-1.4385787451553336,1
0.22065449227868114,0.6433849888371677,0
0.5216877318313939,-0.7075724692345629,1
0.7402851008238531,-1.7442696867811311,1
0.3884253936684486,-0.9354971598049806,1
-0.45621520536124205,0.4047249852456438,0
1.2995956326790388,-0.6901342879107073,1
-0.3369934789304394,-1.7571249172719545,1
1.0044094070367262,-3.0834060321204775,1
0.49457224862685834,-1.3332161801999853,1
1.4207057677321768,-2.4046315079516347,1
0.6852518806474435,-0.8782568882621415,1
0.8215402079728877,-2.671195473136976,1
-1.5713926328936711,-1.1173990428684046,0
0.5897120074171567,-1.4967195089698682,1
0.6403097099616195,-2.1573852081613163,1
-0.4796247536888212,-1.859794065801122,1
-1.0190884876151476,-1.1208039447339726,1
-0.9713848449665095,-2.0872351620673895,1
0.44884256018319457,-1.3303431455391013,1
0.12623180793559552,-2.6404046929940765,1
0.18370972516910844,-1.9765073887018398,1
1.0853595376005467,-1.6265118941128491,1
2.778945130232943,-0.8578354021965638,1
1.8858254584848035,-0.9078630289371213,1
0.3492150770508544,0.23684643914682924,1
1.530138325455375,0.27871589384438367,1
0.055690440137256325,-1.2026290803307895,1
0.8404371860233462,-2.3644671071196672,1
1.4607147725360106,-0.4763335831022175,1
0.12329168186759687,-2.337026785302068,1
-1.0682194706248902,-0.6969670121671201,0
1.2210029491018188,-1.1073690688493696,1
0.9564781471841765,-3.27085955863639,1
1.4816417729924027,-0.24229110445665458,1
0.39545056507113907,-0.8936619296044311,1
0.2961315850296342,0.9516811287529581,0
1.3625404535537005,-0.9179095764193697,1
-0.12753651531410093,0.21820532078883126,0
0.3247309734110286,-0.0819422692373869,1
0.24472441295367892,-2.2442455559307226,1
2.0137896803824353,-0.9232819156462413,1
0.5458709679116904,-2.162125442771302,1
1.434477921855993,-1.0539357665919626,1
1.8128562159635013,0.013559762356836702,1
2.1520252984411217,-0.09626731271635136,1
1.5566304255404368,-2.141375859999747,1
1.4669706490478625,-0.23834153890321536,1
1.1369491744969187,-0.3373990397799102,1
1.4511345242953428,0.0766951461478187,1
-0.5536896377747775,0.6680450775119982,0
0.2117441237701293,-3.0416928928535647,1
0.8849032777302034,-0.05634563896889111,1
1.3836874856299888,1.0707465939414667,1
0.051662303979804314,-0.5146266395619399,1
2.6985036766289197,0.5185584351792014,1
1.4042959995544493,1.8508691423527552,0
1.8862793578233303,-0.2866640504683513,1
2.632088742617677,-0.48655961941980796,1
0.3605520113674481,-0.48403289508956737,1
1.6098815010719258,0.7672330133538905,1
1.4658082220244153,-1.4402453435457199,1
0.8207556788050053,-0.7224120765554678,1
0.8704755111958952,0.4278806766043822,1
0.32493412237473496,-0.1233374915870726,1
0.9352366898466972,1.691888715082432,0
3.0148044682739537,-0.418873069095477,1
1.491044549994761,0.9103502282796018,1
3.1875089224459767,-0.7111989609293102,1
0.7780092927278314,-1.8034957942800074,1
2.4574118651227117,0.5856045750040191,1
3.134843239595043,0.33172463539936303,1
1.2166897009295048,-1.4855497335077612,1
1.7813903419689423,-0.27920499145127065,1
-0.10333201120287061,-1.657100714526917,1
0.2137235432815756,-0.7166929849228834,1
3.829398897083666,-0.8677551835189999,1
3.0491260036128414,-0.7720572510670435,1
1.6682028413447962,0.5431223746099867,1
3.9516055199586715,0.029818500361519007,1
1.950371196585171,-0.024710826070335035,1
3.1254185544670907,-0.7341707630555521,1
3.3137920857958476,-0.40232362216958906,1
1.8768266582136675,-0.9187753175220055,1
2.589694378616213,-0.9965014469788345,1
1.3385967430358707,-0.18458378687260896,1
1.4390274946054336,-1.6891308899974218,1
2.5086655748503413,-1.1861524710423943,1
1.5659828747391549,-1.0614064169047401,1
2.8442800034721554,-0.36167288835745715,1
3.172414782212328,0.15765377941660894,1
-0.2613306736982772,-0.6648562740831201,1
3.1001588135681293,-1.5924460109922491,1
1.913060410398559,-0.5302326433295679,1
2.806871574200044,0.21397624174356938,1
1.8669454772583522,0.09641467263113151,1
1.8597882028538288,-0.655567010336589,1
2.8966811644080996,-0.679082029410466,1
2.9650949119675816,0.7288392549718177,1
0.6005759067552456,1.5156730880647533,0
1.8350642860169923,-1.6688323982701057,1
0.8334605965736419,-1.2349158351601104,1
2.4447226822249464,-2.326361891697309,1
2.3455019739641694,-0.37788991749909534,1
1.259779239673039,-1.1042980231025006,1
2.0127267771573476,-0.1985454783293839,1
4.564426292585065,0.08935961659330338,1
4.665754543881572,1.275920097143802,1
2.72840955859155,-0.6390686865176879,1
1.3231836053365211,-1.3499662632311882,1
3.7632258597757193,-0.753801297921258,1
3.5282050031108945,-0.8437216326769774,1
2.6197776642709285,-1.1601022113565227,1
3.5620494402951777,1.2588315816417373,1
2.287253194248748,-0.7267106576480008,1
2.6498242446487836,0.19247173643225962,1
3.2592765108191872,0.47512894947281836,1
1.9711084310199778,-0.24679937877208416,1
3.388285060408345,-0.49644149590067893,1
1.775758119792198,0.13759960938729127,1
2.277067199048174,1.3136585625940218,1
2.420220686125239,-0.5254349683112408,1
3.631722452856091,-0.6593455573369067,1
2.0844156877588995,0.39151226731898064,1
1.3945285849041478,1.4341445250813563,0
3.9626274215515704,-0.1790849220825969,1
4.040542067874297,-0.11491843866428753,1
4.226677610039649,-0.9398955361333905,1
2.6909414289724065,0.7898794545308041,1
4.056474413785004,0.9264803084393322,1
4.0420512592033795,-3.8690391289939012,1
3.0220191010796515,0.08412268514668084,1
3.705894556759028,1.0284940434011478,1
3.8020340218577853,0.6340709436799119,1
3.2447498798081327,-0.36569094088818177,1
2.619342754935347,0.612356542450378,1
2.3815996907487023,-1.2449066938901274,1
4.194477722881844,0.6624016799084478,1
2.47191069867768,-0.9349156594472456,1
1.4009432214456872,2.0778691459583545,0
3.4931154035885257,-1.710824663737612,1
2.3378996634820366,1.0473851601097999,1
3.2265951903225885,-0.20156954846087038,1
3.556949568541106,1.6410171468826418,1
2.4172513675003757,-0.33571273891631226,1
3.9514464906785474,1.5201241390702824,1
1.7738819613220758,2.9589711402894983,0
2.750067362406059,-0.10316741170180366,1
3.944914205561169,1.2020401846070485,1
3.5350368436045168,0.5760626482367743,1
1.3680350769613439,-0.7734328545175008,1
3.023987949860821,2.57527231660324,1
2.709848266104234,1.2515237839217037,1
2.2663042845768158,0.010654238612193445,1
0.4624417608375846,-0.02176451290078152,1
1.189976686593268,1.2389127630231935,0
2.061052367728357,0.025410342620234727,1
2.236769327366806,-0.7644399270223787,1
-0.020095864469614977,0.6116709080637917,0
3.005353051217528,-0.05029099320472642,1
1.479094577751846,-0.030827638141755154,1
3.1313372348785347,-1.1265922961331525,1
3.434147265651328,-1.689543510904363,1
2.6392998396843472,-1.46124329060312,1
3.2082776584371473,-0.22652599909939763,1
0.9558874618293529,0.048996608911487785,1
2.5072508122077686,-1.1501608128474667,1
0.9726204804550422,-0.40967503277981837,1
0.7033923434307492,0.5609138773788893,1
2.593027551565159,-0.34656529893283894,1
2.9370728377523903,-0.2057424231070751,1
2.3921656023330726,0.9196654754383508,1
4.160665005382293,0.9626699883099943,1
3.724735651706606,-1.3309398243043908,1
1.735053307923212,1.6641420565169005,1
2.1137472469804774,0.8714563200348158,1
0.9405177576587336,-0.8236081692916367,1
1.8176018062322319,-0.7843458741507849,1
4.37555717695909,1.4933117104673541,1
2.392439692246021,1.0480071224029375,1
3.2496559835083385,1.4764735938285467,1
3.8547631649765295,-0.9042396857518317,1
1.0447174239335588,-0.2915582785493549,1
2.3717576065573738,0.6701741000849541,1
2.679885292393886,0.8954276130596057,1
2.986562760366685,0.9591565001896656,1
2.0146904968529307,0.7706328390210256,1
2.811144458286563,-0.01995092228326073,1
2.905366111807284,1.5378855893638252,1
1.9636093685274285,0.9953744701181546,1
2.5327779471841056,-0.9501665274935409,1
4.021478950883912,1.6895252979203819,1
4.487547207180746,2.3803064555978306,1
3.0863841860912316,-0.03187866536207984,1
3.8875190428024586,-0.5646115818585886,1
0.6799641692813445,0.33362452129222187,1
2.9997025536373494,-0.3778333979002143,1
2.2055923351425077,0.48726465518116413,1
2.5062333866789483,0.8136727521108957,1
2.617506887007507,0.48168584351331084,1
3.820777230110526,-0.7530627642902232,1
3.296488197165017,0.2846331062348218,1
4.426704400060117,-0.22920007084359573,1
0.41410678272244095,0.5819316891539144,0
2.0071074142246146,0.7158465993660571,1
3.406561543149203,0.11804470964605318,1
3.6727181218780487,-0.9231562732759149,1
2.457197201472545,1.1569346757446475,1
3.7636576851855157,-1.0033582777910246,1
5.762619690086607,2.767354450693251,1
3.9935181331955434,-0.047099820175482865,1
2.6016887602556484,0.46340855029776784,1
2.0918452166845563,0.9936741987951241,1
2.256534406969271,1.8271283587766805,1
3.468417875047229,1.2907398454232244,1
2.749320661152063,2.2072476540035932,1
1.6403312299646966,3.211204805019821,0
2.442299569329695,2.0577515264688864,1
0.45191717018524535,0.3318103541150923,1
3.330663792992022,0.7174842310730739,1
3.4679593175525976,1.9305048565248437,1
4.181807543750707,0.058956529360343124,1
3.2696080892788553,-0.06867265828046387,1
4.195493006730589,0.03612901540261071,1
5.4475335222114225,0.7135996742236944,1
4.071252182722329,0.28430016983828144,1
4.155922911012194,1.4342127717331867,1
1.8280429654561825,1.8599879113043438,0
2.219846371244048,-0.2521459965571825,1
3.5118001453068746,0.4288217959678868,1
5.120005463789296,-1.2890583934446362,1
3.5103990934854936,1.929919356434156,1
3.6078307337904043,0.6555742391347115,1
3.812279369669021,1.5375990129028685,1
2.9723150592072587,-0.1626168044247427,1
2.873576509291526,0.37654664945006056,1
3.399809148186601,1.6079153815147391,1
2.1719732975258568,2.859796573912462,0
3.7890918306973704,0.6040922893909524,1
3.740822466886354,1.5905091323478195,1
3.1150904161772264,0.3371729858914375,1
3.4024802385135846,1.8382809539444787,1
2.142693032568231,2.017200344051865,1
4.071246851004324,1.8139399057303698,1
4.107018836404802,1.0240126397184732,1
3.2346822753385305,0.28399562829364067,1
3.5797682741050405,1.1617835001514374,1
2.4966206367612003,0.339463852690159,1
1.9907713891982508,1.0094477277284954,1
2.937539265466852,0.6942267258345631,1
2.0288701966163334,-0.4183708039106362,1
5.35223079466184,1.3884736064166696,1
1.6452440783758007,-0.045780561618192606,1
3.4161931254450164,0.108613905662929,1
2.8110871957206536,1.8785309492971383,1
3.14790570270387,-0.6347611007364352,1
3.1571543817652916,0.9998544515167224,1
2.6292621933086036,1.2864097035395978,1
3.2728601052695905,0.5570499265770925,1
3.8853627080683317,0.7815013284855148,1
1.2108720289809125,-0.4502638959435068,1
2.1599164173865115,-0.022137628179742297,1
2.549824147828412,-0.4484181983431468,1
2.3799011931455643,0.5545439370596043,1
3.6202400367944354,-0.8524611431165381,1
2.8666657561315616,0.8429257741487547,1
3.0331099093550016,0.511383204416043,1
4.392817458461694,0.9465566341121223,1
0.13206488254263427,-0.702710301978872,1
1.935465894390512,-1.2627960104200038,1
1.8423691961535047,1.3032543725606645,1
3.0992281475684447,-1.4295465187739498,1
3.1374227491315154,0.48787722282569873,1
3.226743306855788,-0.16984393000273096,1
4.945501116031117,0.24620512563777025,1
2.5587184455028735,-0.21908472113375907,1
3.950089657212036,-0.08944537685139503,1
2.9360100513971044,0.06045282412178085,1
2.866045684887995,-1.8720734822469243,1
3.592104140197592,-0.538511336325852,1
2.3444060764248738,2.6577675100709914,0
2.2587407006128712,0.534768306247255,1
2.8407080691724262,-0.2036472736159593,1
2.7138450256523,0.5589882180707174,1
1.151504574035079,1.8184619619901565,0
3.8821466767052906,-0.2429026235265057,1
1.9825222695549658,2.3706280501222627,0
3.4116450026244705,1.0407095785305014,1
0.36942853174945056,-0.6392891422751201,1
0.47796183058480257,0.7363399717151614,0
4.026701327764503,0.5595268856202078,1
1.5559840930060012,2.1120903805150117,0
0.9662980849044224,-0.371595228706874,1
1.2387980952211008,2.211371856684114,0
1.2154130831223604,0.739121666253301,1
2.145554100683163,0.932666440462179,1
2.160914872614166,2.270453158312813,0
2.0933212516638884,-0.8182811124116939,1
2.0752711424404606,1.666050518045796,1
1.1868334468038801,-0.06977100698548722,1
3.148257307614399,1.6357774739109805,1
0.5631156137913353,1.3848675246810702,0
3.644334802278533,1.0257028515148698,1
1.6650783310976118,-0.23206480855513278,1
2.992221023063508,1.8283112978295635,1
0.12329406386969888,1.1508753616390957,0
2.227776619442963,-0.3646957462440058,1
0.5876039850186341,-0.6343197769007834,1
3.0846164275053227,0.3274394527687353,1
2.6411435339100136,1.0991256015916766,1
1.750261130076719,0.2456224333388573,1
1.393126276181955,0.6835789412568579,1
2.524421095214848,0.597884572061478,1
2.2236302829105568,1.0920529474422427,1
2.004492716771463,-0.28800839969889236,1
0.7051875442588726,-0.44638838002943343,1
2.0015184998749023,0.7984947748377643,1
3.9006404670764683,1.0845657637744792,1
2.967308206722101,-0.013649290966470329,1
3.538462650193062,0.8219609502666847,1
3.7146945694953004,0.8071129519340259,1
